{
  "name": "",
  "version": "1.0.0",
  "requires": [
    "w320dp"
  ],
  "experiences": [
    {
      "vumark": "",
      "experienceType": "vumark",
      "id": 1,
      "index-keys": [],
      "title": {
        "en": "Biegevorrichtung Demo"
      },
      "description": {
        "en": "",
        "en-US": ""
      },
      "requires": [
        "AR-tracking"
      ],
      "tags": [],
      "icon": "",
      "viewName": "Startseite",
      "url-template": "index.html?expId=1",
      "entryPoint": "index.html?expId=1",
      "thumbnail": ""
    }
  ],
  "widgetsUsage": [
    {
      "timestamp": "2024-08-26T23:29:07.253Z",
      "action": "LATEST_SAVE",
      "usage": {
        "twx-view": 1,
        "twx-dt-view": 1,
        "twx-dt-model": 1,
        "twx-dt-modelitem": 15,
        "twx-dt-target": 1,
        "twx-dt-image": 1,
        "twx-overlay": 1,
        "twx-overlay-container": 5,
        "twx-overlay-body": 1,
        "twx-gridlayout": 1,
        "twx-row": 1,
        "twx-col": 1,
        "twx-toggle": 1
      }
    }
  ],
  "accessType": "private",
  "designedfor": []
}
