{
  "attributes": {
    "twx-widget": "",
    "widget-id": "view-1",
    "widget-name": "view-1",
    "is-widget-container": "true",
    "viewtype": "ar"
  },
  "children": [
    {
      "name": "twx-container-content",
      "children": [
        {
          "attributes": {
            "twx-widget": "",
            "widget-id": "3DContainer-1",
            "widget-name": "3D-Container",
            "is-widget-container": "true"
          },
          "name": "twx-dt-view",
          "children": [
            {
              "name": "twx-container-content",
              "children": [
                {
                  "attributes": {
                    "twx-widget": "",
                    "widget-id": "model-1",
                    "widget-name": "model-1",
                    "is-widget-container": "true",
                    "src": "Uploaded/Biegevorrichtung_Hebel_Animationen.pvz",
                    "scale": "1.0000",
                    "x": "-0.0391",
                    "y": "0.0425",
                    "z": "0.0076",
                    "rx": "-90",
                    "ry": "0.00",
                    "rz": "0.00",
                    "sequence": "Uploaded/l-Creo 3D - Hebel Sequenz.pvi"
                  },
                  "name": "twx-dt-model",
                  "children": [
                    {
                      "attributes": {
                        "eventbind-id": "eb-1718645429588",
                        "source-type": "widget",
                        "source-label": "Modell",
                        "source-name": "model-1",
                        "source-event": "click",
                        "handler-type": "ui",
                        "handler-name": "model-1",
                        "handler-service": "playAll",
                        "handler-path": "app.view[\"Startseite\"].wdg[\"model-1\"].svc.playAll"
                      },
                      "name": "twx-eventbind"
                    },
                    {
                      "name": "twx-container-content",
                      "children": [
                        {
                          "attributes": {
                            "twx-widget": "",
                            "widget-id": "modelItem-1",
                            "widget-name": "modelItem-1",
                            "is-widget-container": "true",
                            "model": "model-1",
                            "idpath": "/0/13",
                            "scale": "1.0000",
                            "x": "0.0333",
                            "y": "0.0030",
                            "z": "0.0385",
                            "rx": "-0.00",
                            "ry": "-0.00",
                            "rz": "18.09"
                          },
                          "name": "twx-dt-modelitem",
                          "children": [
                            {
                              "name": "twx-container-content"
                            }
                          ]
                        },
                        {
                          "attributes": {
                            "twx-widget": "",
                            "widget-id": "modelItem-2",
                            "widget-name": "modelItem-2",
                            "is-widget-container": "true",
                            "model": "model-1",
                            "idpath": "/0/16",
                            "scale": "1.0000",
                            "x": "0.1356",
                            "y": "0.0364",
                            "z": "0.0460",
                            "rx": "90.00",
                            "ry": "-55.19",
                            "rz": "-71.91"
                          },
                          "name": "twx-dt-modelitem",
                          "children": [
                            {
                              "name": "twx-container-content"
                            }
                          ]
                        },
                        {
                          "attributes": {
                            "twx-widget": "",
                            "widget-id": "modelItem-3",
                            "widget-name": "modelItem-3",
                            "is-widget-container": "true",
                            "model": "model-1",
                            "idpath": "/0/10",
                            "scale": "1.0000",
                            "x": "0.1416",
                            "y": "0.0384",
                            "z": "0.0460",
                            "rx": "42.40",
                            "ry": "0.00",
                            "rz": "-161.91"
                          },
                          "name": "twx-dt-modelitem",
                          "children": [
                            {
                              "name": "twx-container-content"
                            }
                          ]
                        },
                        {
                          "attributes": {
                            "twx-widget": "",
                            "widget-id": "modelItem-4",
                            "widget-name": "modelItem-4",
                            "is-widget-container": "true",
                            "model": "model-1",
                            "idpath": "/0/0",
                            "scale": "1.0000",
                            "x": "0.0333",
                            "y": "0.0030",
                            "z": "0.0575",
                            "rx": "0.00",
                            "ry": "90.00",
                            "rz": "122.96"
                          },
                          "name": "twx-dt-modelitem",
                          "children": [
                            {
                              "name": "twx-container-content"
                            }
                          ]
                        },
                        {
                          "attributes": {
                            "twx-widget": "",
                            "widget-id": "modelItem-5",
                            "widget-name": "modelItem-5",
                            "is-widget-container": "true",
                            "model": "model-1",
                            "idpath": "/0/9",
                            "scale": "1.0000",
                            "x": "0.0618",
                            "y": "0.0123",
                            "z": "0.0465",
                            "rx": "0.00",
                            "ry": "90.00",
                            "rz": "18.09"
                          },
                          "name": "twx-dt-modelitem",
                          "children": [
                            {
                              "name": "twx-container-content"
                            }
                          ]
                        },
                        {
                          "attributes": {
                            "twx-widget": "",
                            "widget-id": "modelItem-6",
                            "widget-name": "modelItem-6",
                            "is-widget-container": "true",
                            "model": "model-1",
                            "idpath": "/0/1",
                            "scale": "1.0000",
                            "x": "0.0333",
                            "y": "0.0030",
                            "z": "0.0310",
                            "rx": "90.00",
                            "ry": "0.00",
                            "rz": "180.00"
                          },
                          "name": "twx-dt-modelitem",
                          "children": [
                            {
                              "name": "twx-container-content"
                            }
                          ]
                        },
                        {
                          "attributes": {
                            "twx-widget": "",
                            "widget-id": "modelItem-7",
                            "widget-name": "modelItem-7",
                            "is-widget-container": "true",
                            "model": "model-1",
                            "idpath": "/0/5",
                            "scale": "1.0000",
                            "x": "0.0453",
                            "y": "0.0030",
                            "z": "0.0151",
                            "rx": "0.00",
                            "ry": "-90.00",
                            "rz": "97.70"
                          },
                          "name": "twx-dt-modelitem",
                          "children": [
                            {
                              "name": "twx-container-content"
                            }
                          ]
                        },
                        {
                          "attributes": {
                            "twx-widget": "",
                            "widget-id": "modelItem-8",
                            "widget-name": "modelItem-8",
                            "is-widget-container": "true",
                            "model": "model-1",
                            "idpath": "/0/18",
                            "scale": "1.0000",
                            "x": "-0.0807",
                            "y": "-0.0050",
                            "z": "0.0065",
                            "rx": "90.00",
                            "ry": "0.00",
                            "rz": "0.00"
                          },
                          "name": "twx-dt-modelitem",
                          "children": [
                            {
                              "name": "twx-container-content"
                            }
                          ]
                        },
                        {
                          "attributes": {
                            "twx-widget": "",
                            "widget-id": "modelItem-9",
                            "widget-name": "modelItem-9",
                            "is-widget-container": "true",
                            "model": "model-1",
                            "idpath": "/0/11",
                            "scale": "1.0000",
                            "x": "-0.0567",
                            "y": "-0.0200",
                            "z": "0.0215",
                            "rx": "0.00",
                            "ry": "90.00",
                            "rz": "0.00"
                          },
                          "name": "twx-dt-modelitem",
                          "children": [
                            {
                              "name": "twx-container-content"
                            }
                          ]
                        },
                        {
                          "attributes": {
                            "twx-widget": "",
                            "widget-id": "modelItem-10",
                            "widget-name": "modelItem-10",
                            "is-widget-container": "true",
                            "model": "model-1",
                            "idpath": "/0/14",
                            "scale": "1.0000",
                            "x": "0.0043",
                            "y": "-0.0250",
                            "z": "0.0155",
                            "rx": "0.00",
                            "ry": "-90.00",
                            "rz": "90.00"
                          },
                          "name": "twx-dt-modelitem",
                          "children": [
                            {
                              "name": "twx-container-content"
                            }
                          ]
                        },
                        {
                          "attributes": {
                            "twx-widget": "",
                            "widget-id": "modelItem-11",
                            "widget-name": "modelItem-11",
                            "is-widget-container": "true",
                            "model": "model-1",
                            "idpath": "/0/4",
                            "scale": "1.0000",
                            "x": "0.0293",
                            "y": "-0.0100",
                            "z": "0.0035",
                            "rx": "0.00",
                            "ry": "0.00",
                            "rz": "0.00"
                          },
                          "name": "twx-dt-modelitem",
                          "children": [
                            {
                              "name": "twx-container-content"
                            }
                          ]
                        },
                        {
                          "attributes": {
                            "twx-widget": "",
                            "widget-id": "modelItem-12",
                            "widget-name": "modelItem-12",
                            "is-widget-container": "true",
                            "model": "model-1",
                            "idpath": "/0/6",
                            "scale": "1.0000",
                            "x": "-0.0223",
                            "y": "0.0150",
                            "z": "-0.0225",
                            "rx": "0.00",
                            "ry": "-90.00",
                            "rz": "90.00"
                          },
                          "name": "twx-dt-modelitem",
                          "children": [
                            {
                              "name": "twx-container-content"
                            }
                          ]
                        },
                        {
                          "attributes": {
                            "twx-widget": "",
                            "widget-id": "modelItem-13",
                            "widget-name": "modelItem-13",
                            "is-widget-container": "true",
                            "model": "model-1",
                            "idpath": "/0/15",
                            "scale": "1.0000",
                            "x": "-0.0857",
                            "y": "-0.0500",
                            "z": "-0.0065",
                            "rx": "0.00",
                            "ry": "0.00",
                            "rz": "0.00"
                          },
                          "name": "twx-dt-modelitem",
                          "children": [
                            {
                              "name": "twx-container-content"
                            }
                          ]
                        },
                        {
                          "attributes": {
                            "twx-widget": "",
                            "widget-id": "modelItem-14",
                            "widget-name": "modelItem-14",
                            "is-widget-container": "true",
                            "model": "model-1",
                            "idpath": "/0/7",
                            "scale": "1.0000",
                            "x": "0.0333",
                            "y": "0.0030",
                            "z": "-0.0065",
                            "rx": "0.00",
                            "ry": "-90.00",
                            "rz": "85.03"
                          },
                          "name": "twx-dt-modelitem",
                          "children": [
                            {
                              "name": "twx-container-content"
                            }
                          ]
                        },
                        {
                          "attributes": {
                            "twx-widget": "",
                            "widget-id": "modelItem-15",
                            "widget-name": "modelItem-15",
                            "is-widget-container": "true",
                            "model": "model-1",
                            "idpath": "/0/8",
                            "scale": "1.0000",
                            "x": "0.0333",
                            "y": "0.0030",
                            "z": "-0.0081",
                            "rx": "0.00",
                            "ry": "0.00",
                            "rz": "0.00"
                          },
                          "name": "twx-dt-modelitem",
                          "children": [
                            {
                              "name": "twx-container-content"
                            }
                          ]
                        }
                      ]
                    }
                  ]
                },
                {
                  "attributes": {
                    "twx-widget": "",
                    "widget-id": "thingMark-1",
                    "tracking-indicator": "true",
                    "widget-name": "thingMark-1",
                    "width": "0.1",
                    "x": "-0.0517",
                    "y": "-0.0000",
                    "z": "0.1198",
                    "rx": "-90.00",
                    "ry": "0.00",
                    "rz": "0.00"
                  },
                  "name": "twx-dt-target",
                  "children": [
                    {
                      "attributes": {
                        "databind-id": "db-1718643872405",
                        "source-type": "data",
                        "source-name": "vumark",
                        "source-item-type": "value",
                        "source-item-name": "vumark",
                        "binding-type": "custom_field",
                        "from-expression": "app.params['vumark']",
                        "to-property": "markerId"
                      },
                      "name": "twx-databind"
                    }
                  ]
                },
                {
                  "attributes": {
                    "twx-widget": "",
                    "widget-id": "3DImage-1",
                    "widget-name": "3DImage-1",
                    "is-widget-container": "true",
                    "src": "Uploaded/explosionsdarstellung.png",
                    "scale": "0.3000",
                    "x": "-0.2579",
                    "y": "0.1631",
                    "z": "0.0702",
                    "rx": "-10.97",
                    "ry": "30.47",
                    "rz": "-4.32"
                  },
                  "name": "twx-dt-image",
                  "children": [
                    {
                      "attributes": {
                        "databind-id": "db-1720508347695",
                        "source-type": "ui",
                        "source-label": "Umschalten",
                        "source-name": "toggle-1",
                        "source-item-type": "property",
                        "source-item-name": "value",
                        "binding-type": "widget_property",
                        "from-expression": "app.view['Startseite'].wdg['toggle-1']['value']",
                        "to-property": "visible"
                      },
                      "name": "twx-databind"
                    },
                    {
                      "name": "twx-container-content"
                    }
                  ]
                }
              ]
            }
          ]
        },
        {
          "attributes": {
            "twx-widget": "",
            "widget-id": "2DOverlay-1",
            "widget-name": "2D-Überlagerung",
            "is-widget-container": "true"
          },
          "name": "twx-overlay",
          "children": [
            {
              "name": "twx-container-content",
              "children": [
                {
                  "attributes": {
                    "twx-widget": "",
                    "widget-id": "panel-1",
                    "widget-name": "Oberer Bereich",
                    "is-widget-container": "true",
                    "position": "top"
                  },
                  "name": "twx-overlay-container",
                  "children": [
                    {
                      "name": "twx-container-content"
                    }
                  ]
                },
                {
                  "attributes": {
                    "twx-widget": "",
                    "widget-id": "2DOverlayBody-1",
                    "widget-name": "2D-Körper",
                    "is-widget-container": "true"
                  },
                  "name": "twx-overlay-body",
                  "children": [
                    {
                      "name": "twx-container-content",
                      "children": [
                        {
                          "attributes": {
                            "twx-widget": "",
                            "widget-id": "panel-2",
                            "widget-name": "Linker Bereich",
                            "is-widget-container": "true",
                            "position": "left"
                          },
                          "name": "twx-overlay-container",
                          "children": [
                            {
                              "name": "twx-container-content"
                            }
                          ]
                        },
                        {
                          "attributes": {
                            "twx-widget": "",
                            "widget-id": "panel-3",
                            "widget-name": "Mittlerer Bereich",
                            "is-widget-container": "true",
                            "position": "center"
                          },
                          "name": "twx-overlay-container",
                          "children": [
                            {
                              "name": "twx-container-content"
                            }
                          ]
                        },
                        {
                          "attributes": {
                            "twx-widget": "",
                            "widget-id": "panel-4",
                            "widget-name": "Rechter Bereich",
                            "is-widget-container": "true",
                            "position": "right"
                          },
                          "name": "twx-overlay-container",
                          "children": [
                            {
                              "name": "twx-container-content"
                            }
                          ]
                        }
                      ]
                    }
                  ]
                },
                {
                  "attributes": {
                    "twx-widget": "",
                    "widget-id": "panel-5",
                    "widget-name": "Unterer Bereich",
                    "is-widget-container": "true",
                    "position": "bottom"
                  },
                  "name": "twx-overlay-container",
                  "children": [
                    {
                      "name": "twx-container-content",
                      "children": [
                        {
                          "attributes": {
                            "twx-widget": "",
                            "widget-id": "gridLayout-1",
                            "widget-name": "gridLayout-1",
                            "is-widget-container": "true"
                          },
                          "name": "twx-gridlayout",
                          "children": [
                            {
                              "name": "twx-container-content",
                              "children": [
                                {
                                  "attributes": {
                                    "twx-widget": "",
                                    "widget-id": "row-1",
                                    "widget-name": "row-1",
                                    "is-widget-container": "true"
                                  },
                                  "name": "twx-row",
                                  "children": [
                                    {
                                      "name": "twx-container-content",
                                      "children": [
                                        {
                                          "attributes": {
                                            "twx-widget": "",
                                            "widget-id": "column-1",
                                            "widget-name": "column-1",
                                            "is-widget-container": "true",
                                            "justification": "center",
                                            "alignment": "center"
                                          },
                                          "name": "twx-col",
                                          "children": [
                                            {
                                              "name": "twx-container-content",
                                              "children": [
                                                {
                                                  "attributes": {
                                                    "twx-widget": "",
                                                    "widget-id": "toggle-1",
                                                    "widget-name": "toggle-1",
                                                    "click-expression": "press_explosion();",
                                                    "label": "Explosionsdarstellung"
                                                  },
                                                  "name": "twx-toggle"
                                                }
                                              ]
                                            }
                                          ]
                                        }
                                      ]
                                    }
                                  ]
                                }
                              ]
                            }
                          ]
                        }
                      ]
                    }
                  ]
                }
              ]
            }
          ]
        }
      ]
    },
    {
      "name": "twx-fragment-parameters"
    },
    {
      "name": "twx-view-data"
    }
  ],
  "name": "twx-view"
}
