{
  "name": "Biegevorrichtung Demo",
  "projectType": "AR",
  "viewType": "ar",
  "fileName": "Biegevorrichtung_Demo",
  "thingworxServer": "https://vf-es.cproiot-portal.com",
  "viewTemplateFileName": "home-ar.json",
  "state": {
    "orientation": "portrait"
  },
  "targets": {
    "phone": {
      "components": [
        {
          "name": "Startseite",
          "fileName": "Startseite",
          "showInMainMenu": true,
          "viewType": "ar",
          "title": "Startseite"
        }
      ],
      "images": []
    },
    "shared": {
      "components": [
        {
          "name": "Data",
          "fileName": "Data"
        }
      ],
      "images": [],
      "fragments": [],
      "styles": [
        {
          "name": "App",
          "fileName": "App",
          "fileExt": "scss"
        }
      ]
    }
  },
  "device": {
    "name": "iphone",
    "width": "375",
    "height": "667"
  },
  "mainNavigationMenuStyle": "leftSideMenu",
  "resourceDirectory": "src/phone/resources",
  "resourceRuntimeDir": "app/resources",
  "fontRuntimeDir": "../fonts",
  "fontDesigntimeDir": "../dist/fonts",
  "theme": "twx-light",
  "version": "1.80.2379"
}
