{
  "name": "",
  "version": "1.0.0",
  "requires": [
    "w320dp"
  ],
  "experiences": [
    {
      "vumark": "5181:1",
      "experienceType": "vumark",
      "id": 1,
      "index-keys": [
        "urn:vuforia:vumark:5181:1"
      ],
      "title": {
        "en": "Testprojekt HBBK"
      },
      "description": {
        "en": "",
        "en-US": ""
      },
      "requires": [
        "AR-tracking"
      ],
      "tags": [],
      "icon": "",
      "viewName": "Home",
      "url-template": "index.html?expId=1&vumark={{vuforia:vumark}}",
      "entryPoint": "index.html?expId=1",
      "thumbnail": "",
      "thingTemplateName": ""
    }
  ],
  "widgetsUsage": [
    {
      "timestamp": "2024-06-04T10:23:57.974Z",
      "action": "PUBLISH",
      "usage": {
        "twx-view": 1,
        "twx-dt-view": 1,
        "twx-dt-model": 1,
        "twx-dt-target-spatial": 1,
        "twx-overlay": 1,
        "twx-overlay-container": 5,
        "twx-overlay-body": 1
      }
    },
    {
      "timestamp": "2024-06-04T12:11:59.232Z",
      "action": "PUBLISH",
      "usage": {
        "twx-view": 1,
        "twx-dt-view": 1,
        "twx-dt-model": 1,
        "twx-dt-target": 1,
        "twx-dt-image": 1,
        "twx-overlay": 1,
        "twx-overlay-container": 5,
        "twx-overlay-body": 1
      }
    },
    {
      "timestamp": "2024-06-04T12:16:46.022Z",
      "action": "PUBLISH",
      "usage": {
        "twx-view": 1,
        "twx-dt-view": 1,
        "twx-dt-model": 1,
        "twx-dt-target": 1,
        "twx-dt-image": 1,
        "twx-overlay": 1,
        "twx-overlay-container": 5,
        "twx-overlay-body": 1
      }
    },
    {
      "timestamp": "2024-06-04T22:27:25.773Z",
      "action": "LATEST_SAVE",
      "usage": {
        "twx-view": 1,
        "twx-dt-view": 1,
        "twx-dt-model": 1,
        "twx-dt-modelitem": 2,
        "twx-dt-target": 1,
        "twx-dt-image": 1,
        "twx-dt-label": 1,
        "twx-overlay": 1,
        "twx-overlay-container": 5,
        "twx-gridlayout": 2,
        "twx-row": 2,
        "twx-col": 6,
        "twx-toggle": 1,
        "twx-overlay-body": 1
      }
    }
  ],
  "accessType": "public",
  "designedfor": []
}
