{
  "attributes": {
    "twx-widget": "",
    "widget-id": "view-1",
    "widget-name": "view-1",
    "is-widget-container": "true",
    "viewtype": "ar"
  },
  "children": [
    {
      "name": "twx-container-content",
      "children": [
        {
          "attributes": {
            "twx-widget": "",
            "widget-id": "3DContainer-1",
            "widget-name": "3D Container",
            "is-widget-container": "true",
            "dropshadow": "true"
          },
          "name": "twx-dt-view",
          "children": [
            {
              "name": "twx-container-content",
              "children": [
                {
                  "attributes": {
                    "twx-widget": "",
                    "widget-id": "model-1",
                    "widget-name": "model-1",
                    "is-widget-container": "true",
                    "src": "Uploaded/Biegevorrichtung V2.pvz",
                    "scale": "1.0000",
                    "x": "-82.60170837119222",
                    "y": "0.19797914801165462",
                    "z": "40.05211965367198",
                    "rx": "-90.14",
                    "ry": "0.00",
                    "rz": "0.00",
                    "sequence": "Uploaded/l-Creo 3D - Abbildung 1.pvi"
                  },
                  "name": "twx-dt-model",
                  "children": [
                    {
                      "attributes": {
                        "eventbind-id": "eb-1717502422187",
                        "source-type": "widget",
                        "source-label": "Model",
                        "source-name": "model-1",
                        "source-event": "click",
                        "handler-type": "ui",
                        "handler-name": "model-1",
                        "handler-service": "play",
                        "handler-path": "app.view[\"Home\"].wdg[\"model-1\"].svc.play"
                      },
                      "name": "twx-eventbind"
                    },
                    {
                      "name": "twx-container-content",
                      "children": [
                        {
                          "attributes": {
                            "twx-widget": "",
                            "widget-id": "modelItem-1",
                            "widget-name": "modelItem-1",
                            "is-widget-container": "true",
                            "model": "model-1",
                            "idpath": "/12",
                            "scale": "1.0000",
                            "x": "80.5025",
                            "y": "14.9900",
                            "z": "44.4918",
                            "rx": "0.25",
                            "ry": "0.00",
                            "rz": "0.00",
                            "color": "rgba(39,167,221, 1);"
                          },
                          "name": "twx-dt-modelitem",
                          "children": [
                            {
                              "attributes": {
                                "databind-id": "db-1717505692386",
                                "source-type": "ui",
                                "source-label": "Toggle",
                                "source-name": "toggle-1",
                                "source-item-type": "property",
                                "source-item-name": "value",
                                "binding-type": "widget_property",
                                "from-expression": "app.view['Home'].wdg['toggle-1']['value']",
                                "to-property": "visible"
                              },
                              "name": "twx-databind"
                            },
                            {
                              "attributes": {
                                "databind-id": "db-1717505777605",
                                "source-type": "ui",
                                "source-label": "Toggle",
                                "source-name": "toggle-1",
                                "source-item-type": "property",
                                "source-item-name": "value",
                                "binding-type": "widget_property",
                                "from-expression": "app.view['Home'].wdg['toggle-1']['value']",
                                "to-property": "forceHidden"
                              },
                              "name": "twx-databind"
                            },
                            {
                              "name": "twx-container-content"
                            }
                          ]
                        },
                        {
                          "attributes": {
                            "twx-widget": "",
                            "widget-id": "modelItem-2",
                            "widget-name": "modelItem-2",
                            "is-widget-container": "true",
                            "model": "model-1",
                            "idpath": "/8",
                            "scale": "1.0000",
                            "x": "251.3000",
                            "y": "37.8637",
                            "z": "102.0720",
                            "rx": "180.00",
                            "ry": "0.00",
                            "rz": "180.00",
                            "color": "rgba(0,0,0, 1);"
                          },
                          "name": "twx-dt-modelitem",
                          "children": [
                            {
                              "name": "twx-container-content"
                            }
                          ]
                        }
                      ]
                    }
                  ]
                },
                {
                  "attributes": {
                    "twx-widget": "",
                    "widget-id": "thingMark-1",
                    "tracking-indicator": "true",
                    "widget-name": "thingMark-1",
                    "width": "100",
                    "x": "-8.6373",
                    "y": "0.3917",
                    "z": "105.0515",
                    "rx": "-90.00",
                    "ry": "0.00",
                    "rz": "0.00"
                  },
                  "name": "twx-dt-target",
                  "children": [
                    {
                      "attributes": {
                        "databind-id": "db-1717500769324",
                        "source-type": "data",
                        "source-name": "vumark",
                        "source-item-type": "value",
                        "source-item-name": "vumark",
                        "binding-type": "custom_field",
                        "from-expression": "app.params['vumark']",
                        "to-property": "markerId"
                      },
                      "name": "twx-databind"
                    }
                  ]
                },
                {
                  "attributes": {
                    "twx-widget": "",
                    "widget-id": "3DImage-1",
                    "widget-name": "3DImage-1",
                    "is-widget-container": "true",
                    "src": "Uploaded/explosionsdarstellung.png",
                    "scale": "250.0000",
                    "x": "-188.0610",
                    "y": "109.1858",
                    "z": "-9.0344",
                    "rx": "0.30",
                    "ry": "20.28",
                    "rz": "0.10"
                  },
                  "name": "twx-dt-image",
                  "children": [
                    {
                      "attributes": {
                        "databind-id": "db-1717505076866",
                        "source-type": "ui",
                        "source-label": "Toggle",
                        "source-name": "toggle-1",
                        "source-item-type": "property",
                        "source-item-name": "value",
                        "binding-type": "widget_property",
                        "from-expression": "app.view['Home'].wdg['toggle-1']['value']",
                        "to-property": "visible"
                      },
                      "name": "twx-databind"
                    },
                    {
                      "name": "twx-container-content"
                    }
                  ]
                },
                {
                  "attributes": {
                    "twx-widget": "",
                    "widget-id": "3DLabel-1",
                    "state-format-value": "text",
                    "widget-name": "3DLabel-1",
                    "is-widget-container": "true",
                    "text": "Hebel",
                    "scale": "1000.0000",
                    "x": "158.8041",
                    "y": "115.2572",
                    "z": "-77.8609",
                    "rx": "3.73",
                    "ry": "0.00",
                    "rz": "0.00",
                    "visible": "false",
                    "billboard": "true"
                  },
                  "name": "twx-dt-label",
                  "children": [
                    {
                      "attributes": {
                        "databind-id": "db-1717505910377",
                        "source-type": "ui",
                        "source-label": "Toggle",
                        "source-name": "toggle-1",
                        "source-item-type": "property",
                        "source-item-name": "value",
                        "binding-type": "widget_property",
                        "from-expression": "app.view['Home'].wdg['toggle-1']['value']",
                        "to-property": "visible"
                      },
                      "name": "twx-databind"
                    },
                    {
                      "name": "twx-container-content"
                    }
                  ]
                }
              ]
            }
          ]
        },
        {
          "attributes": {
            "twx-widget": "",
            "widget-id": "2DOverlay-1",
            "widget-name": "2D Overlay",
            "is-widget-container": "true"
          },
          "name": "twx-overlay",
          "children": [
            {
              "name": "twx-container-content",
              "children": [
                {
                  "attributes": {
                    "twx-widget": "",
                    "widget-id": "panel-1",
                    "widget-name": "Top Panel",
                    "is-widget-container": "true",
                    "position": "top"
                  },
                  "name": "twx-overlay-container",
                  "children": [
                    {
                      "name": "twx-container-content",
                      "children": [
                        {
                          "attributes": {
                            "twx-widget": "",
                            "widget-id": "gridLayout-1",
                            "widget-name": "gridLayout-1",
                            "is-widget-container": "true"
                          },
                          "name": "twx-gridlayout",
                          "children": [
                            {
                              "name": "twx-container-content",
                              "children": [
                                {
                                  "attributes": {
                                    "twx-widget": "",
                                    "widget-id": "row-1",
                                    "widget-name": "row-1",
                                    "is-widget-container": "true"
                                  },
                                  "name": "twx-row",
                                  "children": [
                                    {
                                      "name": "twx-container-content",
                                      "children": [
                                        {
                                          "attributes": {
                                            "twx-widget": "",
                                            "widget-id": "column-1",
                                            "widget-name": "column-1",
                                            "is-widget-container": "true"
                                          },
                                          "name": "twx-col",
                                          "children": [
                                            {
                                              "name": "twx-container-content",
                                              "children": [
                                                {
                                                  "attributes": {
                                                    "twx-widget": "",
                                                    "widget-id": "toggle-1",
                                                    "widget-name": "toggle-1",
                                                    "label": "Bild"
                                                  },
                                                  "name": "twx-toggle"
                                                }
                                              ]
                                            }
                                          ]
                                        },
                                        {
                                          "attributes": {
                                            "twx-widget": "",
                                            "widget-id": "column-2",
                                            "widget-name": "column-2",
                                            "is-widget-container": "true"
                                          },
                                          "name": "twx-col",
                                          "children": [
                                            {
                                              "name": "twx-container-content"
                                            }
                                          ]
                                        },
                                        {
                                          "attributes": {
                                            "twx-widget": "",
                                            "widget-id": "column-10",
                                            "widget-name": "column-10",
                                            "is-widget-container": "true"
                                          },
                                          "name": "twx-col",
                                          "children": [
                                            {
                                              "name": "twx-container-content"
                                            }
                                          ]
                                        },
                                        {
                                          "attributes": {
                                            "twx-widget": "",
                                            "widget-id": "column-11",
                                            "widget-name": "column-11",
                                            "is-widget-container": "true"
                                          },
                                          "name": "twx-col",
                                          "children": [
                                            {
                                              "name": "twx-container-content"
                                            }
                                          ]
                                        }
                                      ]
                                    }
                                  ]
                                }
                              ]
                            }
                          ]
                        }
                      ]
                    }
                  ]
                },
                {
                  "attributes": {
                    "twx-widget": "",
                    "widget-id": "2DOverlayBody-1",
                    "widget-name": "2D Body",
                    "is-widget-container": "true"
                  },
                  "name": "twx-overlay-body",
                  "children": [
                    {
                      "name": "twx-container-content",
                      "children": [
                        {
                          "attributes": {
                            "twx-widget": "",
                            "widget-id": "panel-2",
                            "widget-name": "Left Panel",
                            "is-widget-container": "true",
                            "position": "left"
                          },
                          "name": "twx-overlay-container",
                          "children": [
                            {
                              "name": "twx-container-content"
                            }
                          ]
                        },
                        {
                          "attributes": {
                            "twx-widget": "",
                            "widget-id": "panel-3",
                            "widget-name": "Center Panel",
                            "is-widget-container": "true",
                            "position": "center"
                          },
                          "name": "twx-overlay-container",
                          "children": [
                            {
                              "name": "twx-container-content",
                              "children": [
                                {
                                  "attributes": {
                                    "twx-widget": "",
                                    "widget-id": "gridLayout-2",
                                    "widget-name": "gridLayout-2",
                                    "is-widget-container": "true"
                                  },
                                  "name": "twx-gridlayout",
                                  "children": [
                                    {
                                      "name": "twx-container-content",
                                      "children": [
                                        {
                                          "attributes": {
                                            "twx-widget": "",
                                            "widget-id": "row-2",
                                            "widget-name": "row-2",
                                            "is-widget-container": "true"
                                          },
                                          "name": "twx-row",
                                          "children": [
                                            {
                                              "name": "twx-container-content",
                                              "children": [
                                                {
                                                  "attributes": {
                                                    "twx-widget": "",
                                                    "widget-id": "column-3",
                                                    "widget-name": "column-3",
                                                    "is-widget-container": "true"
                                                  },
                                                  "name": "twx-col",
                                                  "children": [
                                                    {
                                                      "name": "twx-container-content"
                                                    }
                                                  ]
                                                },
                                                {
                                                  "attributes": {
                                                    "twx-widget": "",
                                                    "widget-id": "column-9",
                                                    "widget-name": "column-9",
                                                    "is-widget-container": "true"
                                                  },
                                                  "name": "twx-col",
                                                  "children": [
                                                    {
                                                      "name": "twx-container-content"
                                                    }
                                                  ]
                                                }
                                              ]
                                            }
                                          ]
                                        }
                                      ]
                                    }
                                  ]
                                }
                              ]
                            }
                          ]
                        },
                        {
                          "attributes": {
                            "twx-widget": "",
                            "widget-id": "panel-4",
                            "widget-name": "Right Panel",
                            "is-widget-container": "true",
                            "position": "right"
                          },
                          "name": "twx-overlay-container",
                          "children": [
                            {
                              "name": "twx-container-content"
                            }
                          ]
                        }
                      ]
                    }
                  ]
                },
                {
                  "attributes": {
                    "twx-widget": "",
                    "widget-id": "panel-5",
                    "widget-name": "Bottom Panel",
                    "is-widget-container": "true",
                    "position": "bottom"
                  },
                  "name": "twx-overlay-container",
                  "children": [
                    {
                      "name": "twx-container-content"
                    }
                  ]
                }
              ]
            }
          ]
        }
      ]
    },
    {
      "name": "twx-fragment-parameters"
    },
    {
      "name": "twx-view-data"
    }
  ],
  "name": "twx-view"
}
